day_night,total_rides,total_revenue,avg_fare
Day,29134061,815156000.929614,27.979484251427014
Night,12035659,330713123.84215015,27.47777449013387
